Cnty,Lake,Lat,Lon
Stark County,Abbey Lake,46.9002846,-102.3129516
Stutsman County,Adkinson Lake,46.886376,-98.9345532
Stutsman County,Alkali Lake,47.2072193,-99.2084474
Sheridan County,Alkali Lake,47.7586096,-100.2265204
Pierce County,Alkali Lake,47.8522233,-100.0701303
McHenry County,Alkali Lake,47.8944466,-100.3984713
Williams County,Alkali Lake,48.5808615,-103.5876944
Kidder County,Alkali Lake,46.772761,-99.8395507
Sheridan County,Alkali Lake,47.6486109,-100.6351361
Kidder County,Alkaline Lake,46.6610911,-99.5662199
Rolette County,Anderson Lake,48.9108363,-100.0579077
Pierce County,Antelope Lakes,47.9586139,-100.0898551
Logan County,Arnies Lake,46.5833098,-99.1031647
Kidder County,Ashley Lake,46.8974849,-99.741495
McHenry County,Aylmer Lake,47.941391,-100.1984687
Renville County,Bacon Lake,48.9544491,-100.1487415
Stutsman County,Bair Lake,46.9536005,-99.0420554
Stutsman County,Bair Slough,46.879709,-99.0639995
Eddy County,Bakstad Lake,47.7527752,-98.6248256
Stutsman County,Balch Slough,46.7885946,-99.1676105
Stutsman County,Barnes Lake,47.2333311,-99.2773368
McLean County,Bartons Lake,47.8447257,-101.4948854
Nelson County,Basswood Lake,47.6777746,-98.3784328
Pierce County,Battema Lake,48.0541695,-100.1065232
Eddy County,Battle Lake,47.812776,-98.6164933
Emmons County,Baumgartner Lake,46.1683235,-100.196782
Bottineau County,Bear Lake,48.8772276,-100.3015258
Logan County,Beaver Lake,46.3933097,-99.6078884
McLean County,Beaver Lake,47.1666588,-100.9609736
Burke County,Beaver Lake,48.8655882,-102.6410062
Emmons County,Becker Lake,46.0069386,-100.3737354
Rolette County,Belcourt Lake,48.8744497,-99.7582
Rolette County,Belle Lake,48.8941689,-100.0001297
Rolette County,Ben Waters Lake,48.9675052,-99.8951316
McHenry County,Bentley Lake,47.9177807,-100.4404171
Sheridan County,Bentz Lake,47.6369431,-100.4315204
Williams County,Berg Slough,48.6016946,-103.189073
Bottineau County,Bergen Lake,48.9694498,-100.1909647
Sargent County,Berre Lake,46.1344056,-97.3070362
Emmons County,Berreth Lake,46.2102704,-100.4056749
Rolette County,Berry Lake,48.9333372,-100.116797
Kidder County,Big Muddy Lake,46.9249854,-99.7387171
Divide County,Big Slough,48.7003085,-103.2268512
Rolette County,Bigham Lake,48.8144455,-100.0223564
Cavalier County,Billings Lake,48.6008386,-98.4981745
McLean County,Billows Lake,47.5477763,-100.8554194
Kidder County,Bird Lake,46.9885978,-99.7078841
Richland County,Bisek Lake,46.1007937,-97.1731448
Bottineau County,Bittener Lake,48.9936181,-100.2598558
Nelson County,Bitter Lake,47.9536076,-98.1867678
Bottineau County,Black Lake,48.9311251,-100.4937603
McLean County,Blackwater Lake,47.6622258,-101.8190564
Burke County,Blanc Lake,48.6241949,-102.286556
Foster County,Blue Cloud Lake,47.5463859,-98.7695496
McLean County,Blue Lake,47.5466655,-100.7593045
Stutsman County,Blue Lake,47.0999925,-98.664268
Kidder County,Bond Lake,47.0836014,-99.5917768
Sargent County,Boot Lake,46.2441275,-97.3995353
Sargent County,Borg Lake,46.2202388,-97.4075913
Golden Valley County,Bosserman Lake,46.7161232,-103.9096475
Bottineau County,Boundary Lake,48.9950062,-100.2104092
Rolette County,Boyd Lake,48.9813957,-99.823746
Bottineau County,Brager Lake,48.9552843,-100.272357
Rolette County,Brennan Lake,48.9547256,-100.0159601
Divide County,Bright Water Lake,48.7261423,-103.4640791
Kidder County,Brock Slough,47.0744348,-99.542055
Benson County,Broken Bone Lake,48.3497205,-99.8045797
McHenry County,Bromley Lake,48.0555586,-100.3156944
Rolette County,Broom Lake,48.9802839,-99.857633
Ransom County,Browen Lake,46.6002506,-97.8167691
Towner County,Brumba Pool,48.7272277,-99.2443059
McLean County,Brumwell Slough,47.6958377,-101.8643334
Stutsman County,Brush Lake,47.1247166,-99.1276126
McLean County,Brush Lake,47.5302765,-100.7281922
Rolette County,Bu Lake,48.9147263,-99.9018008
Kidder County,Buffalo Lake,46.9302631,-99.7898275
McHenry County,Buffalo Lodge Lake,48.3283399,-100.7573607
Burleigh County,Bunce Lake,47.270271,-100.3537301
Burleigh County,Bunker Lake,47.2366595,-100.3540068
Burke County,Bush Lake,48.7383653,-102.9024015
Rolette County,Butler Lake,48.8911137,-100.0562419
Bottineau County,Butte Lake,48.8469473,-100.2165232
Sargent County,Buttke Lake,46.0005213,-97.6820444
Rolette County,Byrnes Lake,48.9266735,-99.7387531
Rolette County,Cain Lake,48.9158372,-99.9154111
Burleigh County,Camel Slough,47.2036031,-100.3237272
Golden Valley County,Camels Hump Lake,46.9452916,-103.817421
Divide County,Camp Lake,48.4994699,-103.9993782
McLean County,Camp Lake,47.7708351,-100.8504216
Burleigh County,Canfield Lake,47.1880492,-100.4584529
Rolette County,Carlisle Lake,48.8730576,-100.0087421
Emmons County,Carlson Lake,46.5938828,-100.5420642
Ward County,Carpenter Lake,48.2450126,-101.9098865
Rolette County,Carpenter Lake,48.9597259,-99.9770718
Burke County,Carrie Lake,48.6389174,-102.8004573
McHenry County,Carvers Lake,48.2213978,-100.819588
Bottineau County,Cassidy Lake,48.9041711,-100.2484673
Rolette County,Cassidy Lake,48.8761144,-99.9056916
Bottineau County,Cavalier Lake,48.9997289,-100.2506884
Ramsey County,Cavanaugh Lake,48.2538918,-98.889848
Ramsey County,Chain Lake,48.3383354,-99.0665223
Hettinger County,Charles Lake,46.3888923,-102.3976623
Stutsman County,Chase Lake,47.0086006,-99.4434439
Williams County,Chase Lake State Game Management Area,48.3880801,-104.0104892
Eddy County,Cherry Lake,47.637497,-98.6776036
McLean County,Cherry Lake,47.6213885,-100.6729144
Kidder County,Cherry Lake,47.0641541,-99.8698279
McLean County,Cherry Lake,47.5266646,-100.9476451
Stutsman County,Chicago Lake,47.0699912,-99.4412226
Stutsman County,Chokecherry Lake,46.8385955,-99.4445542
Burke County,Christensen Slough,48.5950272,-102.2515543
Nelson County,Clear Lake,48.1288879,-98.3045484
Pierce County,Clear Lake,47.8625011,-100.1054091
Burleigh County,Clear Lake,46.9252651,-100.184829
McIntosh County,Clear Lake,46.2288612,-99.4242789
Kidder County,Clear Lake,47.1147101,-99.9553843
Mountrail County,Clearwater Lake,48.4116888,-102.287668
Sargent County,Clouds Lake,46.0024629,-97.4412065
McLean County,Coal Lake,47.4430521,-101.075427
Stutsman County,Colby Lake,47.2105529,-99.2634478
McIntosh County,Coldwater Lake,46.0116387,-99.0698317
McHenry County,Connia Slough,47.9752836,-100.6393109
Rolette County,Cool Lakes,48.9444502,-99.8312476
Rolette County,Coon Lake,48.9972278,-99.9092958
Nelson County,Coon Lake,47.9738878,-98.3801036
McHenry County,Cottonwood Lake,47.8769482,-100.6726421
McLean County,Cottonwood Lake,47.6147217,-100.8281968
Mountrail County,Cottonwood Lake,48.433356,-102.5935137
Williams County,Cottonwood Lake,48.5869727,-103.4451895
LaMoure County,Cottonwood Lake,46.2894127,-98.4295428
Burleigh County,Cottonwood Lake,46.8641539,-100.1753854
Burleigh County,Cottonwood Lake,46.7788828,-100.7854054
Stutsman County,Cottonwood Lake,47.0836042,-99.0417784
Wells County,Cottonwood Lake,47.5116664,-99.6306759
Benson County,Court Lake,47.9936104,-98.9151191
Dickey County,Crab Tree Lakes,46.0163609,-98.8859391
Benson County,Cranberry Lake,48.1405588,-99.7670751
McLean County,Crooked Lake,47.6266661,-101.0312595
McLean County,Crooked Lake,47.6872227,-100.8695878
Dickey County,Crow Lake,46.0549714,-98.9214953
Barnes County,Crow Lake,47.1019278,-97.9484329
Rolette County,Crow Lake,48.9438944,-99.8493022
Wells County,Crystal Lake,47.5183303,-99.9673463
Barnes County,Crystal Lake (historical),46.8277555,-97.8287138
Pierce County,Davis Lake,48.1500018,-100.1020789
Kidder County,Dead Buffalo Lake,46.9022071,-99.7714946
Burke County,Dead Dog Slough,48.6041956,-102.4385074
Bottineau County,Deep Lake,48.9197281,-100.2804134
Stutsman County,Deer Lake,47.0527702,-99.1112231
Kidder County,Deer Lake,47.15277,-99.5956671
Nelson County,Deer Lake,47.9952715,-97.9550977
McKenzie County,Demicks Lake,47.886967,-103.0221327
Ward County,Den Lake,48.1911203,-101.3915525
Kidder County,Des Moines Lake,47.1369357,-99.6456663
Rolette County,Desjarlis Lake,48.8872262,-99.8745817
Ramsey County,Devils Lake,48.0280551,-98.9315099
Rolette County,Dion Lake,48.9775054,-99.8967976
Burke County,Docs Lake,48.6669756,-102.4707295
Stutsman County,Dollar Lake,47.2319407,-98.9959453
Rolette County,Donald Lake,48.9263931,-99.9076331
Ward County,Douglas Lake,47.8513927,-101.5043301
Logan County,Doyles Lake,46.3680301,-99.5170555
Hettinger County,Dry Lake,46.242502,-102.2409909
McIntosh County,Dry Lake,46.0860852,-99.4267809
Foster County,Dry Lake,47.3774967,-98.888719
Ramsey County,Dry Lake,48.26528,-98.9773524
Barnes County,Dry Lake (historical),46.9374839,-98.2003707
Wells County,Duck Lake,47.518889,-99.6642875
Bottineau County,Duck Lake,48.9250102,-100.3959762
McHenry County,Duckshire Lake,48.1219468,-100.3234714
Emmons County,Dutton Slough,46.6044352,-100.3328916
Ramsey County,East Devils Lake,47.9591668,-98.6351075
Stutsman County,East Fischer Lake,47.0855491,-99.2131685
Sheridan County,Ebel Lake,47.80389,-100.5026366
Barnes County,Eckelson Lake,46.9280412,-98.3037027
Burke County,Eckert Lake,48.6291957,-102.3643371
Burke County,Eds Slough,48.5847505,-102.4512861
Wells County,Egg Lake,47.7350009,-99.8759581
Benson County,Elbow Lake,47.8986103,-98.7384418
Burke County,Elbow Lake,48.6036404,-102.5082325
Rolette County,Eldridge Lake,48.902225,-100.0534636
Richland County,Elm Lake,46.0077379,-97.1339773
Richland County,Elm Lake (historical),46.0410715,-97.1725896
Burke County,Enget Lake,48.5711375,-102.6807353
Williams County,Erdahl Slough,48.4155812,-103.5474149
Stutsman County,Eric Lake,47.1241611,-99.1540017
McHenry County,Erickson Lake,48.0277856,-100.8632044
Walsh County,Fairdale Slough,48.5116659,-98.232608
Rolette County,Fiestel Lake,48.986673,-99.8587437
Stutsman County,Fischer Lake,47.0827713,-99.2267797
Benson County,Fish Lake,48.1080609,-99.5604115
Burke County,Fish Lake,48.6294734,-102.6387889
Burke County,Fish Lake,48.6539196,-102.5454538
Stutsman County,Fisher Lake,47.0269341,-99.4695551
Nelson County,Fiske Lake,48.0736089,-98.2378804
McHenry County,Flat Lake,47.9975035,-100.3076393
Burleigh County,Florence Lake,47.2913821,-100.3228969
Burke County,Ford Slough,48.6050282,-102.348781
Barnes County,Fox Lake,46.9569308,-98.3498142
Stutsman County,Fox Lake,47.2311057,-98.6070447
Ramsey County,Fox Lake,48.2327806,-98.5620554
Sheridan County,Frankhauser Lake,47.8119444,-100.3315233
Benson County,Free Peoples Lake,47.9077771,-98.7289973
Kidder County,Fresh Lake,46.6333132,-99.6178863
McHenry County,Fresh Water Lake,48.216946,-100.3584704
Richland County,Frying Pan Lake,46.0327366,-96.9748052
Renville County,Gatten Lake,48.9863943,-100.1545742
Pierce County,Gilmore Lake,48.5155523,-100.0015258
Pierce County,Girard Lake,48.0719472,-99.9992986
Rolette County,Girl Lake,48.6833328,-99.9209745
Sargent County,Golden Hill Lake,45.9596855,-97.6876004
Steele County,Golden Lake,47.5674887,-97.6378679
Steele County,Golden Rush Lake,47.5663777,-97.6528678
Barnes County,Goose Lake,47.2305432,-97.8651003
Barnes County,Goose Lake,46.8847086,-98.4053695
McIntosh County,Goose Lake,46.1152521,-99.4726142
Emmons County,Goose Lake,46.5497075,-100.010385
Pierce County,Goose Lake,48.4172198,-99.924581
McHenry County,Goose Lake,48.4283381,-100.7431917
Eddy County,Goose Lake,47.825831,-98.9731719
Wells County,Goose Lake,47.8347245,-99.9012381
Wells County,Goose Lake,47.7963932,-99.4695713
Divide County,Goose Lake,48.9869772,-103.7015892
Burke County,Goose Pan Slough,48.6433631,-102.411561
Nelson County,Gopher Tail Lake,47.9272152,-97.9112061
Rolette County,Gordon Lake,48.9211172,-99.7784742
Rolette County,Gordon Lake,48.9394487,-100.1434641
Traill County,Grandin Lake,47.3524738,-96.8517468
Burleigh County,Grass Lake,47.2233271,-100.7104082
Richland County,Grass Lake,46.098572,-97.2387023
Richland County,Grass Lake,46.0619032,-96.9256372
Pierce County,Grass Lake,48.5277751,-99.6673639
Bottineau County,Grass Lake,48.9127823,-100.2262444
Rolette County,Gravel Bottom Lake,48.9013919,-99.9598538
Rolette County,Gravel Lake,48.9558393,-99.8351357
Williams County,Green Lake,48.617251,-103.6201958
McIntosh County,Green Lake,46.2016398,-99.467335
Bottineau County,Grigg Lake,48.882507,-100.345417
Rolette County,Grimm Lake,48.9200054,-99.8229161
Burke County,Grubb Lake,48.695864,-102.7476778
Pierce County,Gunderson Lake,48.2955555,-99.9709675
Pierce County,Guss Lake,48.4616631,-99.7390288
Sheridan County,Guyes Lake,47.7672212,-100.3101329
Barnes County,Hanson Lake,47.2188784,-98.1464851
McLean County,Hanson Slough,47.5247201,-100.9362557
Dickey County,Happy Lake,46.0280275,-98.8762166
Kidder County,Harker Lake,46.8272058,-99.72094
Burke County,Harms Lake,48.6633632,-102.6790664
Burleigh County,Harriet Lake,47.1194337,-100.1870544
Nelson County,Harrison Lake,47.8949941,-98.0323208
Bottineau County,Hartley Lake,48.9927837,-100.1862417
Bottineau County,Harts Lake,48.9852912,-100.4212571
Kidder County,Headquarters Lake,46.8444284,-99.7128845
Sheridan County,Heckers Lake,47.342218,-100.6698532
McHenry County,Heffner Lake,48.1836141,-100.504583
Burke County,Helde Lake,48.6736422,-102.5835094
Williams County,Helle Slough,48.5753049,-103.1285168
Bottineau County,Hellick Lake,48.9277828,-100.2462446
Bottineau County,Hemming Lake,48.9113948,-100.2881917
Pierce County,Herd Lake,48.4924964,-99.9520821
McHenry County,Herrington Lake,48.0869485,-100.5051409
Burke County,Hidden Slough,48.637252,-102.4268396
Dickey County,Hilles Lake,46.1888587,-98.9287176
Nelson County,Hillesland Lake,47.751382,-97.9973184
Wells County,Hirshkorn Lake,47.625557,-99.7242889
Barnes County,Hobart Lake,46.9144269,-98.1400948
Williams County,Holm Lake,48.623918,-103.5435261
Rolette County,Hooker Lake,48.9591719,-99.8895769
Griggs County,Hoot-E-Too Lake,47.6280527,-98.4839888
Burke County,Hoover Lake,48.5694718,-102.3679489
Sheridan County,Horse Lake,47.3691621,-100.4090127
Kidder County,Horsehead Lake,47.0383207,-99.7892728
Burleigh County,Horseshoe Lake,47.2286025,-100.2490037
Richland County,Horseshoe Lake,46.0427367,-96.9861945
Williams County,Horseshoe Lake,48.5961376,-104.0463243
Pierce County,Horseshoe Lake,48.4294416,-100.2615229
Benson County,Horseshoe Lake,48.3313875,-99.800968
Nelson County,Horseshoe Lake,47.7630485,-97.9781512
Nelson County,Horseshoe Lake,47.9169399,-98.1259333
Eddy County,Horseshoe Lake,47.8502761,-98.7951095
Rolette County,Horseshoe Lake,48.9141695,-99.985685
Rolette County,Howard Lake,48.866947,-99.9445788
McLean County,Howells Lake,47.5266654,-100.6779129
Rolette County,Huff Lake,48.9325042,-99.9145769
Rolette County,Hufty Lake,48.9477846,-99.7748618
Sargent County,Hultman Lake,46.2735727,-97.5059249
Pierce County,Hurricane Lake,48.4416653,-99.5134715
Kidder County,Hutchinson Lake,47.174434,-100.0953881
Kidder County,Iowa Lake,47.1222133,-99.6292772
Logan County,Island Lake,46.370809,-99.5848331
Barnes County,Island Lake,46.9013754,-98.3912029
Rolette County,Island Lake,48.5861096,-99.696533
Bottineau County,Island Lake,48.9019485,-100.2120777
Rolette County,Island Lake,48.963061,-99.8812437
Burke County,Island Lake,48.6755873,-102.5132306
Burke County,Iverson Lake,48.6703081,-102.3768372
Burke County,Iverson Slough,48.6628083,-102.415172
Foster County,Jack Lake,47.4136078,-98.8226062
Stutsman County,Jaff Slough,46.8672085,-99.0934441
Rolette County,Jarvis Lake,48.9230606,-99.8526365
Rolette County,Jay Lake,48.9455595,-99.9490186
Divide County,Jensen Lake,48.6653074,-103.0626822
Burke County,Jensen Lake,48.6272509,-102.3373915
Burke County,Jerrys Slough,48.641141,-102.4229504
Sheridan County,Johns Lake,47.3805521,-100.4845701
Sheridan County,Johnson Lake,47.7658327,-100.1084627
Eddy County,Johnson Lake,47.6780529,-98.5231566
Rolette County,Johnson Lake,48.8691695,-99.9295796
Burke County,Johnsons Lake,48.7469781,-102.5948965
Rolette County,Jones Lake,48.9055586,-100.0654081
Nelson County,Jones Lake,48.0227771,-98.3834376
Griggs County,Jones Lake,47.438884,-98.3217631
Sheridan County,Jones Lake,47.5430516,-100.2256827
Foster County,Juanita Lake,47.5541637,-98.7362155
Burke County,Jud Chrests Lake,48.7183665,-102.5126737
Bottineau County,Juneau Lake,48.8902817,-100.2276337
Sargent County,Kandiotta Lake,46.1427397,-97.4900933
Sheridan County,Kandt Lake,47.8136121,-100.4604141
Barnes County,Kee Lake,46.8458184,-98.2853688
Williams County,Kettle Lake,48.6072508,-103.6238071
Pierce County,Kilgore Lake,48.1641683,-100.1404129
Sheridan County,Kindschi Lake,47.6002753,-100.3381852
Burke County,Kirkland Lake,48.69031,-102.4890629
Rolette County,Kishpaugh Lake,48.5547194,-99.9040285
McIntosh County,Kislingburg Lake,46.0494177,-99.3253915
Mountrail County,Kittelson Slough,48.5028035,-102.4657332
Bottineau County,Klebe Lake,48.9780635,-100.2926362
Burke County,Knudson Slough,48.5872506,-102.4423967
Williams County,Knudsvig Lake,48.62114,-103.6026951
Richland County,Kreiser Lake,46.1335718,-97.219257
Emmons County,Kremer Lake,46.2305476,-100.36984
Sheridan County,Krueger Lake,47.7663893,-100.4993019
Kidder County,Kunkel Lake,47.0410998,-99.6395529
Renville County,Lagerquist Lake,48.9583379,-100.1354077
Burke County,Lagorin Slough,48.582249,-102.2440541
Rolette County,Laird Lake,48.953061,-99.8706894
Griggs County,Lake Addie,47.5305516,-98.2856523
Ramsey County,Lake Alice,48.3358344,-99.1179119
Bottineau County,Lake Bennett,48.9675093,-100.3345837
Barnes County,Lake Benson,47.2244349,-98.2348171
Cass County,Lake Bertha,46.762475,-97.4987053
Bottineau County,Lake Bessie,48.9488987,-100.3623632
McLean County,Lake Brekken,47.5458317,-100.8954209
Eddy County,Lake Claire,47.6136097,-99.1617829
Eddy County,Lake Coe,47.6941638,-98.6973265
Bottineau County,Lake Couthard,48.9564021,-100.4443135
Bottineau County,Lake Dana,48.902232,-100.4090319
Sargent County,Lake Dell,45.9885762,-97.6851001
Richland County,Lake Elsie,46.0457921,-96.9331374
Kidder County,Lake Etta,46.8119279,-99.8017727
Sargent County,Lake Fedge,46.1966279,-97.398425
Griggs County,Lake Five,47.4841619,-98.19954
Bottineau County,Lake Francis,48.9791789,-100.3959773
Foster County,Lake George,47.3958301,-98.9506647
Kidder County,Lake George,46.7333146,-99.4892758
McHenry County,Lake George,48.1005587,-100.3829169
Bottineau County,Lake Harman,48.9072313,-100.3831972
Kidder County,Lake Helen,47.2355462,-100.05789
Kidder County,Lake Henry,46.7719269,-99.6709407
McHenry County,Lake Hester,48.0513963,-100.7598675
McLean County,Lake Holmes,47.5333316,-100.8723643
McIntosh County,Lake Hoskins,46.0491415,-99.4428927
Benson County,Lake Ibsen,48.2605546,-99.4009682
Ramsey County,Lake Irvine,48.3105553,-99.173468
Kidder County,Lake Isabel,46.818039,-99.7498285
Griggs County,Lake Jessie,47.5511071,-98.2895415
Kidder County,Lake Josephine,47.1824891,-100.0014979
Bottineau County,Lake Klingenberg,48.937512,-100.4337566
Nelson County,Lake Laretta,48.0680525,-98.1701015
McHenry County,Lake Lemer,48.0725031,-100.3406945
Stutsman County,Lake Louise,47.0502684,-99.4509445
Sargent County,Lake Mann,46.024408,-97.5317631
Nelson County,Lake Mary,48.0519413,-98.1817684
Benson County,Lake Mary,47.9644521,-99.6659636
Bottineau County,Lake McDonald,48.9938992,-100.3387508
Nelson County,Lake Miller,48.112496,-98.0842667
Benson County,Lake Murie,48.2302755,-99.2445794
McLean County,Lake Nettie,47.6147214,-101.0168146
Griggs County,Lake Norway,47.5830516,-98.268986
Wells County,Lake Ontario,47.5066672,-99.7376217
McLean County,Lake Ordway,47.5016643,-100.9432004
Nelson County,Lake Pickard,47.9461043,-97.9112064
Sheridan County,Lake Richard,47.847501,-100.3640248
Emmons County,Lake Robinson (historical),46.6224938,-100.5545646
Sargent County,Lake Schimmer,46.1277444,-97.9503792
Benson County,Lake Seventeen,47.9863972,-99.6481869
Griggs County,Lake Silver,47.5799961,-98.2812083
Sargent County,Lake Taayer,46.1235779,-97.9667683
Bottineau County,Lake Taylor,48.9314019,-100.4665363
Bottineau County,Lake Thomas,48.9016736,-100.3237492
Steele County,Lake Tobiason,47.6427665,-97.6389778
Williams County,Lake Trenton,48.0653004,-103.8407601
Rolette County,Lake Upsilon,48.9677839,-99.8423568
Ward County,Lake Vernon,47.9772296,-101.5143311
McLean County,Lake Williams,47.5286095,-100.8343073
Kidder County,Lake Williams,47.1288802,-99.6167775
Benson County,Lake Yri,48.21972,-99.2490239
Hettinger County,Larson Lake,46.4275041,-102.5143305
Barnes County,Larson Slough,47.0669264,-97.9359332
Rolette County,Lashman Lake,48.9686169,-99.863189
McHenry County,Lauinger Lake,48.1233364,-100.4226391
Bottineau County,Lee Lake,48.8913937,-100.2698573
Benson County,Legreid Lake,47.9336182,-99.6451296
Pierce County,Lesmeister Lake,47.9916702,-100.0059646
Bottineau County,Line Lake,48.9994589,-100.4337584
Rolette County,Little Gurr Lake,48.6899999,-99.8770878
Rolette County,Little Horseshoe Lake,48.9055582,-99.9881853
Emmons County,Litzman Ponds,46.6063829,-100.5906769
Rolette County,Lockhart Lake,48.9516702,-100.031794
Ransom County,Lone Tree Lake,46.4177465,-97.9601012
Steele County,Lone Tree Lake,47.2894335,-97.8909322
Sheridan County,Lone Tree Lake,47.6597199,-100.1601284
Williams County,Lone Tree Lake,48.4391926,-103.5307476
Burleigh County,Lonetree Lake,47.2024916,-100.2937263
Kidder County,Long Alakline Lake,47.2427705,-99.8273346
Griggs County,Long Lake,47.5669405,-98.2937083
Griggs County,Long Lake,47.488607,-98.3342635
McHenry County,Long Lake,48.0991691,-100.2931936
Pierce County,Long Lake,48.0850039,-99.8712421
Benson County,Long Lake,48.2616665,-99.7873542
McLean County,Long Lake,47.7202787,-100.8573654
Benson County,Long Lake,48.0113885,-99.2518017
Rolette County,Long Lake,48.8925045,-99.8456941
Rolette County,Long Lake,48.9375031,-100.0198499
Bottineau County,Long Lake,48.9427906,-100.4495912
Rolette County,Long Lake,48.9522285,-99.8154148
Rolette County,Long Lake,48.9077803,-99.9962402
Rolette County,Long Lake,48.9158378,-99.8745801
Bottineau County,Long Lake,48.925283,-100.2568007
Rolette County,Long Lake,48.6324996,-99.7187573
Bottineau County,Loon Lake,48.9344517,-100.3084707
Bottineau County,Lords Lake,48.7808346,-100.1987466
McLean County,Lost Lake,47.2561041,-100.8976393
Burke County,Lostwood Lakes,48.5533606,-102.4468421
Mountrail County,Lower Lostwood Lake,48.5330823,-102.4601766
Richland County,Lueck Lake,46.0291259,-97.0423074
Grand Forks County,Lunby Lake,48.0449857,-97.2770237
Rolette County,Lyde Lake,48.9352812,-100.0590177
Steele County,Lynch Lake,47.4830464,-97.8306481
Rolette County,Magog Lake,48.881114,-99.9429114
Emmons County,Maier Lake,46.2408241,-100.2790042
Benson County,Mallard Lake,47.9894437,-98.9001182
Benson County,Mallard Lake,47.8894432,-98.8003885
Oliver County,Mandan Lake,47.2466611,-101.1798738
Nelson County,Mannie Lake,47.7002746,-98.3706552
Rolette County,Marion Lakes,48.8533376,-99.7987544
Williams County,Marple Slough,48.4125256,-103.5396369
McHenry County,Martin Lake,48.042503,-100.2962497
Rolette County,Martin Lake,48.860561,-99.7062561
Burke County,Martin Lakes,48.6394735,-102.3412805
Burke County,Martinsen Lake,48.6172511,-102.3893383
Nelson County,Matson Slough,47.7411037,-97.9517611
McIntosh County,May Lake,46.2458071,-99.5473346
Divide County,Mc Cone Lake,48.9394717,-104.0188227
Barnes County,McDonald Lake,46.9574815,-98.0781523
Nelson County,McHugh Slough,48.0999981,-98.2514918
Logan County,McKenna Lake,46.4877585,-99.8073307
Towner County,McLaughlin Lake,48.8566731,-99.5218091
Williams County,McLeod Lake,48.3380774,-103.1732403
McLean County,McMann Lake,47.8480595,-101.1204317
Kidder County,McPhail Slough,46.9735978,-99.6767736
Stutsman County,Meander Lake,47.2047183,-99.3448362
Stutsman County,Medicine Lake,47.1961063,-98.7784391
Eddy County,Medicine Lake,47.6922192,-98.7412162
Ward County,Mellam Lake,48.0261206,-101.620165
Burke County,Merrills Slough,48.6066956,-102.4260068
Ramsey County,Mikes Lake,48.3083352,-99.0481883
Rolette County,Mill Lake,48.9397283,-99.8059716
Divide County,Miller Lake,48.8355841,-103.963543
Divide County,Miller Lake,48.8380841,-103.9632652
McIntosh County,Miller Lake,46.2388591,-99.2087219
McLean County,Minehan Slough,47.6769481,-101.8182228
Barnes County,Minnie Lake,47.0966483,-97.7676023
Adams County,Mirror Lake,45.9944499,-102.6334907
Burleigh County,Mitchell Lake,47.171658,-100.3012256
Sheridan County,Moesner Lake,47.7966679,-100.5409705
Dunn County,Moffet Slough,47.2902907,-102.6071286
Rolette County,Montgomery Lake,48.9308398,-99.7704185
Stutsman County,Moon Lake,46.866653,-99.0251103
Barnes County,Moon Lake,46.8577605,-98.1592608
Towner County,Moore Lake,48.9150074,-99.29708
Sheridan County,Moorehead Lake,47.7991665,-100.3351341
Richland County,Moran Lake,46.0402368,-97.0167511
Ward County,Mork Lake,48.1291762,-101.5773872
Ramsey County,Morrison Lake,48.2472255,-98.8326228
Benson County,Mud Lake,48.2252787,-99.5723557
Benson County,Mud Lake,48.3536092,-99.7645799
McLean County,Mud Lake,47.6041657,-100.9898691
Sheridan County,Mud Lake,47.8136107,-100.2281885
McIntosh County,Mud Lake,46.2666385,-99.3795561
Barnes County,Mud Lake,46.8574863,-98.4259249
Kidder County,Mud Lake,46.9430415,-99.7003844
Kidder County,Mud Lake,46.6794295,-100.0303849
Barnes County,Mud Lake,47.1516577,-98.4089838
Stutsman County,Mud Lake,47.0541584,-99.3462232
Bottineau County,Mud Lake,48.9633436,-100.3640302
Bottineau County,Mud Lake,48.9775089,-100.3173602
Rolette County,Mullet Lake,48.9377842,-99.784584
Sargent County,Murach Lake,46.12135,-97.2800916
Burke County,Muskie Lake,48.6811417,-102.6760105
Divide County,Musta Lake,48.7136418,-103.5940839
Rolette County,Myer Lake,48.9641706,-100.0573496
McHenry County,Nead Lake,48.2044531,-100.8179216
Burke County,Neils Slough,48.6089178,-102.4271179
Ward County,Nelson and Carlson Lakes,47.9113943,-101.473219
Ward County,Nelson Lake,48.0038976,-101.2723838
McLean County,Nelson Lake,47.5899991,-100.8620867
Divide County,Nelson Lake,48.7064198,-102.996292
Emmons County,Neuwsma Lake,45.9730453,-100.0406704
Stutsman County,Nine Lake,46.9560998,-98.5189825
Eddy County,Ninemile Lake,47.6619414,-98.7367716
McKenzie County,Nohly Lake,47.9197418,-103.9993758
Bottineau County,Norberg Lake,48.9261171,-100.2801355
Divide County,Norman Lake,48.7130868,-102.9243466
Stutsman County,North Brooks Slough,46.8005395,-99.1048325
Steele County,North Golden Lake,47.5958219,-97.6323118
McHenry County,North Lake,48.3641736,-100.7743055
Sheridan County,North Lake,47.3813827,-100.2615104
Divide County,North Lake,48.868084,-103.9646541
Adams County,North Lemmon Lake,46.0111135,-102.163209
Walsh County,North Salt Lake,48.5374875,-97.3403545
Eddy County,North Washington Lake,47.7541639,-98.7114938
Stutsman County,Northwestern Lake,47.2116639,-99.2123363
Wells County,Norway Lake,47.8102824,-99.4679051
McLean County,Nygaard Slough,47.5419424,-101.0248702
Rolette County,Oak Lakes,48.9611177,-99.8059705
Burleigh County,O'Brien Lake,47.2608265,-100.3642856
Benson County,O'Connell Lake,48.1819428,-99.2673572
Rolette County,Olson Lake,48.9494495,-99.8842999
Burke County,Olson Lake,48.6491955,-102.7846237
Stutsman County,Olson Slough,46.8210958,-99.1070549
Nelson County,Omild Slough,47.7408265,-98.0084297
McHenry County,Oslie Lake,48.2283432,-100.8626453
McLean County,Otis Lake,47.8127807,-100.909313
Nelson County,Ottofy Lake,47.7430526,-98.3792668
McLean County,Painted Woods Lake,47.218048,-100.9501409
Kidder County,Pass Lakes,46.9019295,-99.7003845
Burke County,Pauls Slough,48.6114178,-102.4160062
McHenry County,Paulson Lake,47.9858398,-100.6937564
Stutsman County,Pearl Lake,47.032491,-99.3553895
Burleigh County,Pelican Lake,47.3055495,-100.3667873
McLean County,Pelican Lake,47.5322208,-100.7695825
McLean County,Pelican Lake,47.5994438,-100.6765252
Benson County,Pelican Lake,48.1472212,-99.1701328
Bottineau County,Pelican Lake,48.9436172,-100.2681902
Bottineau County,Peterson Lake,48.9650052,-100.1842979
McLean County,Peterson Lake,47.5283318,-100.8034727
Williams County,Peterson Slough,48.606417,-103.2376847
Pierce County,Petrified Lake,48.0866698,-99.9551317
Griggs County,Phelps Lake,47.4994405,-98.3498193
Nelson County,Pickerel Lake,47.6716603,-98.0028734
Divide County,Piepers Lake,48.6991974,-103.1615724
Bottineau County,Platte Lake,48.8736145,-100.2051336
Stutsman County,Plowe Lake,47.169717,-98.870386
Griggs County,Plum Lake,47.5808295,-98.3067642
McHenry County,Poison Lake,48.238615,-100.5798601
Sheridan County,Pop Lake,47.3752736,-100.4379024
McLean County,Postel Lake,47.6138884,-100.6781922
McHenry County,Potters Lake,48.0422303,-100.8907049
Towner County,Pound Lake,48.9438966,-99.346247
Mountrail County,Powers Lake,48.5255811,-102.6054578
McIntosh County,Pudwill Lake,46.1610846,-99.4587245
Rolette County,Purdy Lake,48.9480604,-99.895966
Kidder County,Pursian Lake,46.6847066,-99.9876065
Rolette County,Rabb Lake,48.9875053,-100.1462405
Rolette County,Rabbit City Lake,48.8844466,-100.0212416
Rolette County,Rames Lake,48.9597276,-99.8740221
Kidder County,Ranch Lake,47.1263808,-99.5337227
Pierce County,Ranch Lake,48.1386131,-100.0876341
Mountrail County,Rat Lake,48.14224,-102.6615711
Pierce County,Red Lake,48.2363898,-100.1118015
Burke County,Red Lake,48.7261428,-102.8565676
Griggs County,Red Willow Lake,47.6474966,-98.372599
Burke County,Rennie Lake,48.8300329,-102.522949
Ward County,Rice Lake,48.0055639,-101.5359981
Emmons County,Rice Lake,46.0388786,-100.0823373
Benson County,Roberts Lake,48.105282,-99.7779082
Mountrail County,Robinson Lake,48.1391841,-102.6237927
McHenry County,Rock Lake,48.3155615,-100.7245825
Towner County,Rock Lake,48.8266734,-99.2051361
Burke County,Rock Slough,48.5644721,-102.4473974
Pembina County,Rosa Lake,48.8372169,-97.752589
Rolette County,Rose Lake,48.8838915,-100.0751314
Nelson County,Rose Lake,48.0430525,-98.1812128
Nelson County,Rose Lake,47.9994445,-98.4617716
Bottineau County,Ross Lake,49.0000096,-100.3170826
Divide County,Rosten Slough,48.63364,-103.2051842
Divide County,Round Lake,48.8936385,-104.0441016
Divide County,Round Lake,48.8908607,-104.0441016
McHenry County,Round Lake,48.0319474,-100.2748606
Benson County,Round Lake,48.0272216,-99.2293008
Eddy County,Round Lake,47.5919414,-98.6987149
Pierce County,Round Lake,48.0836145,-99.9317982
Pierce County,Round Lake,48.480552,-100.1976341
Richland County,Round Lake,46.0566255,-96.9370265
Logan County,Round Lake,46.4483141,-99.8162201
Barnes County,Round Lake,46.9160951,-98.2064816
Kidder County,Round Lake,47.1461039,-99.4876123
Griggs County,Round Lake,47.5061072,-98.3325969
Burke County,Ruddy Slough,48.6369746,-102.4660079
Stutsman County,Rudolph Lake,47.1336045,-98.6923248
Nelson County,Rugh Lake,47.7752706,-97.9612062
Stutsman County,Runner Slough,46.8774866,-99.131222
Stutsman County,Rush Island Lake,46.9669331,-98.4934262
Kidder County,Rush Lake,47.1949901,-100.1109448
Kidder County,Rush Lake,47.283604,-99.8895584
Ward County,Rush Lake,47.8883382,-101.4121066
Pierce County,Rush Lake,48.3819426,-100.2209681
Burke County,Rush Lake,48.5544716,-102.4262854
Cavalier County,Rush Lake,48.9055603,-98.6831788
Barnes County,Rush Lake (historical),46.8230335,-97.8695465
Foster County,Russell Lake,47.3786092,-99.1598355
Hettinger County,Rustan Lake,46.3666749,-102.8987746
McHenry County,Rutten Lake,48.0138925,-100.3384731
Barnes County,Saint Marys Lake,46.8483158,-98.1542609
Burke County,Salon Lake,48.6164179,-102.4093392
Kidder County,Salt Alkaline Lake,46.9447092,-99.5323314
McIntosh County,Salt Lake,46.1194165,-99.2920571
Burleigh County,Salt Lake,47.321382,-100.2756748
Walsh County,Salt Lake,48.4613755,-97.2881301
Barnes County,Sanborn Lake,46.9455392,-98.1839823
Burke County,Sand Bottom Lake,48.6661424,-102.5265643
Bottineau County,Sand Lake,48.9441722,-100.2518002
Pierce County,Sand Lake,48.4088862,-99.8009707
Benson County,Sand Lake,48.2177787,-99.7945759
Sheridan County,Sand Lake,47.776388,-100.3004108
Pierce County,Sand Slough,48.3408324,-100.0859683
Burke County,Sand Slough,48.6597531,-102.544898
Pierce County,Sandy Lakes,47.9805596,-99.9623528
Rolette County,Schmidt Lake,48.9105591,-100.1173533
Stutsman County,School Lake,46.7777608,-99.2470554
Logan County,School Lake,46.5055299,-99.2392767
Burke County,School Section Lake,48.598362,-102.4396186
Rolette County,School Section Lake,48.9005591,-99.9234671
Bottineau County,School Section Lake,48.9900097,-100.3276388
Rolette County,School Section Lake,48.9433383,-99.8781895
Rolette County,School Section Lake,48.9452809,-99.9984603
Rolette County,Schutte Lake,48.8222236,-100.0479118
Emmons County,Schwahn Lake,46.1411028,-100.2734515
Barnes County,Scotts Lake,47.0166558,-98.4623154
Burke County,Sectionline Slough,48.6333633,-102.4618411
Emmons County,Senger Lake,46.1316547,-100.0540013
Kidder County,Senior Lake,47.3124931,-99.9273373
McLean County,Shallow Alkali Lake,47.7780573,-101.409883
McLean County,Shallow Lake,47.7763906,-101.3454372
Burke County,Shallow Lake,48.8455883,-102.594339
Mountrail County,Shell Lake,48.1833475,-102.1046114
Benson County,Shin Bone Lake,47.8602765,-98.7017736
Williams County,Shirley Lake,48.5739168,-103.6649198
Eddy County,Shroyer Lake,47.7605548,-99.1940108
Griggs County,Sibley Lake,47.5191629,-98.3487084
Kidder County,Sibley Lake,46.956097,-99.7378837
Richland County,Silver Lake,46.1180161,-97.188423
Wells County,Silver Lake,47.3777745,-99.7915066
Benson County,Silver Lake,48.1961091,-99.2565239
Bottineau County,Sinclair Lake,48.9788951,-100.2498552
Stutsman County,Sinclair Slough,46.7755386,-99.1031657
Kidder County,Sink Lake,47.114435,-99.6573322
Bottineau County,Sivertson Lake,48.9883405,-100.2676342
Divide County,Skjermo Lake,48.9541965,-103.8815956
Sheridan County,Skogmo Lake,47.7183324,-100.4034663
Burke County,Sletten Lake,48.5600254,-102.774903
Burke County,Smishek Lake,48.6250287,-102.6546226
Rolette County,Smith Lake,48.8630575,-100.0295763
Burke County,Smith Lake,48.5572493,-102.392117
Grand Forks County,Smith Lakes,47.9238816,-97.8714823
Bottineau County,Smithsrund Lake,48.8908405,-100.3448614
McHenry County,Smoky Lake,48.1663904,-100.2534703
Pierce County,Soap Lake,48.4108312,-99.9776359
Wells County,Sorenson Lake,47.7491661,-100.0629059
Stutsman County,South Brooks Slough,46.7902614,-99.1031658
Kidder County,South Lake,47.0988794,-99.6114991
Bottineau County,South Loon Lake,48.9263958,-100.3043037
Rolette County,South Messier Lake,49.0000055,-99.917073
Eddy County,South Twin Lake,47.657497,-98.7034376
Eddy County,South Washington Lake,47.7233304,-98.6898265
Sheridan County,Sperry Lake,47.3638823,-100.2492872
Stutsman County,Spiritwood Lake,47.0736025,-98.587598
Sargent County,Sprague Lake,46.0199637,-97.5395412
Stutsman County,Spring Lake,47.036381,-99.1990013
Benson County,Spring Lake,47.9461106,-98.8192797
Pierce County,Spring Lake,48.4933295,-99.9009719
Burke County,Spring Lake,48.5622496,-102.4076732
McHenry County,Spring Lake,48.3233355,-100.5851359
Burke County,Spring Slough,48.5833616,-102.4565642
Benson County,Square Lake,47.9066657,-98.804278
Burke County,Stacy Slough,48.5764164,-102.3590595
Kidder County,Standish Lake,47.138603,-99.5751114
McHenry County,Steele Lake,47.8738896,-100.2420792
Sheridan County,Stein Lake,47.5874977,-100.3684631
Nelson County,Stella Lake,47.9933278,-98.0339889
McHenry County,Stevens Slough,47.9875063,-100.6729228
Grand Forks County,Stewart Lake,48.0610969,-97.2789677
McHenry County,Stink Lake,48.0711187,-100.7795899
Benson County,Stink Lake,48.2552756,-99.236246
Benson County,Stink Lake,48.2455532,-99.2434683
Emmons County,Stink Lake,46.6252616,-99.9351069
Stutsman County,Stink Lake,46.883597,-99.4245546
Stutsman County,Stink Lake,46.8577631,-99.3778882
Divide County,Stink Lake,48.6219713,-104.0254901
Williams County,Stink Lake,48.6239158,-104.024379
Ramsey County,Stone Lake,48.2986144,-98.9281841
Pierce County,Stony Lake,48.1538906,-100.1393018
Benson County,Stony Lake,47.9780572,-99.2995785
Kidder County,Stony Lake,46.9533195,-99.6801069
Steele County,Stony Lake,47.2844335,-97.907321
Foster County,Stony Lake,47.5433302,-98.6881589
Sargent County,Storm Lake,46.254961,-97.4673133
McLean County,Strawberry Lake,47.7655573,-100.8695887
Bottineau County,Strawberry Lake,48.9447371,-100.5051502
Rolette County,Streitzel Lake,48.9800049,-99.9279068
Nelson County,Stump Lake,47.9111095,-98.3842694
Rolette County,Sucker Lake,48.9269477,-99.968463
Williams County,Sueet Slough,48.3925245,-104.019934
Stutsman County,Sunday Lake,47.1844402,-99.3228916
Rolette County,Susie Lake,49.0000064,-99.8662426
Kidder County,Swan Lake,47.2894392,-99.7576144
Richland County,Swan Lake,46.0880155,-97.1053651
Nelson County,Swan Lake,47.9558327,-98.4345484
Benson County,Sweetwater Lake,47.9824987,-98.9745663
Ramsey County,Sweetwater Lake,48.2166697,-98.8226214
Barnes County,Sweetwater Lake,46.8794283,-98.2081481
Kidder County,Sweetwater Lake,46.9894321,-99.5914972
Burke County,Swensens Slough,48.6964209,-102.4543394
Burke County,Swim Lake,48.6644755,-102.5479535
Rolette County,Syrian Lake,48.8775056,-99.7351445
Ward County,Tangedahl Lake,47.9916747,-101.5282202
Kidder County,Tappen Slough,46.9416529,-99.6462185
Burke County,Teal Slough,48.6519745,-102.4137832
Burke County,Thompson Lake,48.6489188,-102.3998938
Rolette County,Thorn Lake,48.862224,-100.0073538
Stutsman County,Thornton Slough,46.7966505,-99.1292771
Divide County,Thorsons Lake,48.6716966,-103.2162955
Williams County,Tom Berg Lake,48.5903054,-103.1579615
Burke County,Tower Slough,48.6391965,-102.415728
Stutsman County,Trautman Slough,46.8247069,-99.1814997
McIntosh County,Tschetter Lake,46.0021965,-99.3578924
McLean County,Turtle Lake,47.534998,-100.9651458
Rolette County,Twin Lake,48.7058332,-99.9209749
Williams County,Twin Lakes,48.6078045,-104.0154897
Burleigh County,Twin Lakes,47.2130461,-100.1295569
LaMoure County,Twin Lakes,46.4066374,-98.2678765
Rolette County,Twin Lakes,48.5508303,-99.7587544
Williams County,Twin Lakes,48.4280813,-103.6176956
Benson County,Twin Lakes,48.2402781,-99.6206884
Benson County,Twin Lakes,47.9666656,-99.0937377
Nelson County,Twin Lakes,47.9672154,-97.8973171
Ramsey County,Twin Lakes,48.0330564,-98.4939946
Nelson County,Twin Lakes,47.8849953,-98.1278773
Ward County,Underdahl Lake,48.0708434,-101.6515539
Kidder County,Upper Harker Lake,46.834706,-99.7120512
Burke County,Upper Lostwood Lake,48.5694722,-102.438508
Burke County,Upper Thompson Lake,48.6564189,-102.3904489
Rolette County,Villneauve Lake,48.8805589,-99.9109689
Richland County,Wahl Lake,46.0474601,-97.1417552
Rolette County,Walker Lake,48.9591724,-99.8593008
Bottineau County,Walker Lake,48.9605612,-100.2267992
Emmons County,Walther Slough,46.2024923,-100.3712298
Burke County,Ward Lake,48.7100326,-102.4721174
Rolette County,Warner Lake,48.955283,-99.8854106
Walsh County,Waterloo Lake,48.5261075,-98.1006581
Kidder County,Weber Lake,46.8288732,-99.9559383
Stutsman County,Weber Slough,46.8191513,-99.124555
McLean County,Weller Slough,47.3949964,-101.189042
Rolette County,Wendland Lake,48.9013921,-99.9462434
Sheridan County,West Lake,47.371105,-100.2790103
Stutsman County,West Lake,47.2074972,-99.2301142
Burke County,Westby Lake,48.5508601,-102.3496148
Rolette County,Wheaton Lake,48.9191726,-99.7912513
Mountrail County,White Lake,48.3922441,-102.4626772
Slope County,White Lake,46.4772326,-103.2148974
Sargent County,White Lake,45.9969068,-97.3939836
Emmons County,Wilde Lake,46.5444384,-100.5392862
McLean County,Wildwood Lake,47.1741588,-100.9665295
Rolette County,Wilfreds Lake,48.9997287,-99.8620762
Richland County,Willard Lake,46.0638477,-96.9445267
Golden Valley County,William Lake,46.6025108,-103.8910363
Steele County,Willow Lake,47.2733224,-97.9270434
Kidder County,Willow Lake,47.2813827,-99.8145585
Rolette County,Willow Lake,48.9261152,-100.1481869
